<?xml version="1.0" encoding="UTF-8"?>
<export version="D">
  <design>
    <source>C:\Users\23714\Desktop\INCARNATION-LCD-GC9A01\02_Electronics\01_source\01_new_source\A1.0\V1.0.sch</source>
    <date>2020-12-22 11:27:07</date>
    <tool>Eeschema (5.1.6)-1</tool>
    <sheet number="1" name="/" tstamps="/">
      <title_block>
        <title/>
        <company/>
        <rev/>
        <date/>
        <source>V1.0.sch</source>
        <comment number="1" value=""/>
        <comment number="2" value=""/>
        <comment number="3" value=""/>
        <comment number="4" value=""/>
      </title_block>
    </sheet>
  </design>
  <components>
    <comp ref="U2">
      <value>XC6206</value>
      <footprint>Package_TO_SOT_SMD:SOT-23</footprint>
      <datasheet>http://www.ti.com/lit/ds/symlink/lm1117.pdf</datasheet>
      <libsource lib="Regulator_Linear" part="LM1117-3.3" description="800mA Low-Dropout Linear Regulator, 3.3V fixed output, TO-220/TO-252/TO-263/SOT-223"/>
      <sheetpath names="/" tstamps="/"/>
      <tstamp>5FCB61E5</tstamp>
    </comp>
    <comp ref="R1">
      <value>100K</value>
      <footprint>Resistor_SMD:R_0603_1608Metric</footprint>
      <datasheet>~</datasheet>
      <libsource lib="Device" part="R_Small" description="Resistor, small symbol"/>
      <sheetpath names="/" tstamps="/"/>
      <tstamp>5FCBCB55</tstamp>
    </comp>
    <comp ref="C6">
      <value>1uF</value>
      <footprint>Capacitor_SMD:C_0603_1608Metric</footprint>
      <datasheet>~</datasheet>
      <libsource lib="Device" part="C_Small" description="Unpolarized capacitor, small symbol"/>
      <sheetpath names="/" tstamps="/"/>
      <tstamp>5FCC37FE</tstamp>
    </comp>
    <comp ref="C7">
      <value>1uF</value>
      <footprint>Capacitor_SMD:C_0603_1608Metric</footprint>
      <datasheet>~</datasheet>
      <libsource lib="Device" part="C_Small" description="Unpolarized capacitor, small symbol"/>
      <sheetpath names="/" tstamps="/"/>
      <tstamp>5FCC7340</tstamp>
    </comp>
    <comp ref="C2">
      <value>0.1uF</value>
      <footprint>Capacitor_SMD:C_0603_1608Metric</footprint>
      <datasheet>~</datasheet>
      <libsource lib="Device" part="C_Small" description="Unpolarized capacitor, small symbol"/>
      <sheetpath names="/" tstamps="/"/>
      <tstamp>5FCC9485</tstamp>
    </comp>
    <comp ref="C3">
      <value>0.1uF</value>
      <footprint>Capacitor_SMD:C_0603_1608Metric</footprint>
      <datasheet>~</datasheet>
      <libsource lib="Device" part="C_Small" description="Unpolarized capacitor, small symbol"/>
      <sheetpath names="/" tstamps="/"/>
      <tstamp>5FCC9864</tstamp>
    </comp>
    <comp ref="C4">
      <value>0.1uF</value>
      <footprint>Capacitor_SMD:C_0603_1608Metric</footprint>
      <datasheet>~</datasheet>
      <libsource lib="Device" part="C_Small" description="Unpolarized capacitor, small symbol"/>
      <sheetpath names="/" tstamps="/"/>
      <tstamp>5FCC9C48</tstamp>
    </comp>
    <comp ref="C1">
      <value>2.2uF</value>
      <footprint>Capacitor_SMD:C_0603_1608Metric</footprint>
      <datasheet>~</datasheet>
      <libsource lib="Device" part="C_Small" description="Unpolarized capacitor, small symbol"/>
      <sheetpath names="/" tstamps="/"/>
      <tstamp>5FCCA822</tstamp>
    </comp>
    <comp ref="C5">
      <value>0.1uF</value>
      <footprint>Capacitor_SMD:C_0603_1608Metric</footprint>
      <datasheet>~</datasheet>
      <libsource lib="Device" part="C_Small" description="Unpolarized capacitor, small symbol"/>
      <sheetpath names="/" tstamps="/"/>
      <tstamp>5FCD200E</tstamp>
    </comp>
    <comp ref="J1">
      <value>Conn_01x12</value>
      <footprint>SamacSys_Parts:FPC-0.7-Handsoldering-1.28-TFT</footprint>
      <datasheet>~</datasheet>
      <libsource lib="Connector_Generic" part="Conn_01x12" description="Generic connector, single row, 01x12, script generated (kicad-library-utils/schlib/autogen/connector/)"/>
      <sheetpath names="/" tstamps="/"/>
      <tstamp>5FCE60BC</tstamp>
    </comp>
    <comp ref="R2">
      <value>1K</value>
      <footprint>Resistor_SMD:R_0603_1608Metric</footprint>
      <datasheet>~</datasheet>
      <libsource lib="Device" part="R_Small" description="Resistor, small symbol"/>
      <sheetpath names="/" tstamps="/"/>
      <tstamp>5FCF097A</tstamp>
    </comp>
    <comp ref="R3">
      <value>10K</value>
      <footprint>Resistor_SMD:R_0603_1608Metric</footprint>
      <datasheet>~</datasheet>
      <libsource lib="Device" part="R_Small" description="Resistor, small symbol"/>
      <sheetpath names="/" tstamps="/"/>
      <tstamp>5FCF16BA</tstamp>
    </comp>
    <comp ref="R4">
      <value>10R</value>
      <footprint>Resistor_SMD:R_0603_1608Metric</footprint>
      <datasheet>~</datasheet>
      <libsource lib="Device" part="R_Small" description="Resistor, small symbol"/>
      <sheetpath names="/" tstamps="/"/>
      <tstamp>5FCF33D2</tstamp>
    </comp>
    <comp ref="C8">
      <value>0.1uF</value>
      <footprint>Capacitor_SMD:C_0603_1608Metric</footprint>
      <datasheet>~</datasheet>
      <libsource lib="Device" part="C_Small" description="Unpolarized capacitor, small symbol"/>
      <sheetpath names="/" tstamps="/"/>
      <tstamp>5FCFAD86</tstamp>
    </comp>
    <comp ref="J3">
      <value>SWD</value>
      <footprint>SamacSys_Parts:Con-1x4-P1.25mm</footprint>
      <datasheet>~</datasheet>
      <libsource lib="Connector_Generic" part="Conn_01x04" description="Generic connector, single row, 01x04, script generated (kicad-library-utils/schlib/autogen/connector/)"/>
      <sheetpath names="/" tstamps="/"/>
      <tstamp>5FCD92D6</tstamp>
    </comp>
    <comp ref="J4">
      <value>LED</value>
      <footprint>SamacSys_Parts:FPC-0.7x5-Handsoldering</footprint>
      <datasheet>~</datasheet>
      <libsource lib="Connector_Generic" part="Conn_01x05" description="Generic connector, single row, 01x05, script generated (kicad-library-utils/schlib/autogen/connector/)"/>
      <sheetpath names="/" tstamps="/"/>
      <tstamp>5FCF0DFB</tstamp>
    </comp>
    <comp ref="J2">
      <value>battery</value>
      <footprint>SamacSys_Parts:Common_Connect_1.52x2.6_Handsoldering</footprint>
      <datasheet>~</datasheet>
      <libsource lib="Connector_Generic" part="Conn_01x02" description="Generic connector, single row, 01x02, script generated (kicad-library-utils/schlib/autogen/connector/)"/>
      <sheetpath names="/" tstamps="/"/>
      <tstamp>5FCF7F71</tstamp>
    </comp>
    <comp ref="U1">
      <value>STM32F401CCUx</value>
      <footprint>Package_DFN_QFN:QFN-48-1EP_7x7mm_P0.5mm_EP5.6x5.6mm</footprint>
      <datasheet>http://www.st.com/st-web-ui/static/active/en/resource/technical/document/datasheet/DM00086815.pdf</datasheet>
      <libsource lib="MCU_ST_STM32F4" part="STM32F401CCUx" description="ARM Cortex-M4 MCU, 256KB flash, 64KB RAM, 84MHz, 1.7-3.6V, 36 GPIO, UFQFPN-48"/>
      <sheetpath names="/" tstamps="/"/>
      <tstamp>5FCB8DEA</tstamp>
    </comp>
    <comp ref="U3">
      <value>SNR8015VR</value>
      <footprint>Package_SO:QSOP-24_3.9x8.7mm_P0.635mm</footprint>
      <libsource lib="SamacSys_Parts" part="SNR8015VR" description=""/>
      <sheetpath names="/" tstamps="/"/>
      <tstamp>5FD34510</tstamp>
    </comp>
    <comp ref="C9">
      <value>4.7uF</value>
      <footprint>Capacitor_SMD:C_0603_1608Metric</footprint>
      <datasheet>~</datasheet>
      <libsource lib="Device" part="C_Small" description="Unpolarized capacitor, small symbol"/>
      <sheetpath names="/" tstamps="/"/>
      <tstamp>5FD41588</tstamp>
    </comp>
    <comp ref="C10">
      <value>0.1uF</value>
      <footprint>Capacitor_SMD:C_0603_1608Metric</footprint>
      <datasheet>~</datasheet>
      <libsource lib="Device" part="C_Small" description="Unpolarized capacitor, small symbol"/>
      <sheetpath names="/" tstamps="/"/>
      <tstamp>5FD41821</tstamp>
    </comp>
    <comp ref="C14">
      <value>4.7uF</value>
      <footprint>Capacitor_SMD:C_0603_1608Metric</footprint>
      <datasheet>~</datasheet>
      <libsource lib="Device" part="C_Small" description="Unpolarized capacitor, small symbol"/>
      <sheetpath names="/" tstamps="/"/>
      <tstamp>5FD4BE9C</tstamp>
    </comp>
    <comp ref="C17">
      <value>0.1uF</value>
      <footprint>Capacitor_SMD:C_0603_1608Metric</footprint>
      <datasheet>~</datasheet>
      <libsource lib="Device" part="C_Small" description="Unpolarized capacitor, small symbol"/>
      <sheetpath names="/" tstamps="/"/>
      <tstamp>5FD4C12A</tstamp>
    </comp>
    <comp ref="C12">
      <value>1uF</value>
      <footprint>Capacitor_SMD:C_0603_1608Metric</footprint>
      <datasheet>~</datasheet>
      <libsource lib="Device" part="C_Small" description="Unpolarized capacitor, small symbol"/>
      <sheetpath names="/" tstamps="/"/>
      <tstamp>5FD4F97A</tstamp>
    </comp>
    <comp ref="C19">
      <value>4.7uF</value>
      <footprint>Capacitor_SMD:C_0603_1608Metric</footprint>
      <datasheet>~</datasheet>
      <libsource lib="Device" part="C_Small" description="Unpolarized capacitor, small symbol"/>
      <sheetpath names="/" tstamps="/"/>
      <tstamp>5FD5D13D</tstamp>
    </comp>
    <comp ref="C21">
      <value>0.1uF</value>
      <footprint>Capacitor_SMD:C_0603_1608Metric</footprint>
      <datasheet>~</datasheet>
      <libsource lib="Device" part="C_Small" description="Unpolarized capacitor, small symbol"/>
      <sheetpath names="/" tstamps="/"/>
      <tstamp>5FD5D143</tstamp>
    </comp>
    <comp ref="C22">
      <value>4.7uF</value>
      <footprint>Capacitor_SMD:C_0603_1608Metric</footprint>
      <datasheet>~</datasheet>
      <libsource lib="Device" part="C_Small" description="Unpolarized capacitor, small symbol"/>
      <sheetpath names="/" tstamps="/"/>
      <tstamp>5FD704B2</tstamp>
    </comp>
    <comp ref="C23">
      <value>0.1uF</value>
      <footprint>Capacitor_SMD:C_0603_1608Metric</footprint>
      <datasheet>~</datasheet>
      <libsource lib="Device" part="C_Small" description="Unpolarized capacitor, small symbol"/>
      <sheetpath names="/" tstamps="/"/>
      <tstamp>5FD704B8</tstamp>
    </comp>
    <comp ref="C16">
      <value>12pF</value>
      <footprint>Capacitor_SMD:C_0603_1608Metric</footprint>
      <datasheet>~</datasheet>
      <libsource lib="Device" part="C_Small" description="Unpolarized capacitor, small symbol"/>
      <sheetpath names="/" tstamps="/"/>
      <tstamp>5FD8D06B</tstamp>
    </comp>
    <comp ref="C15">
      <value>12pF</value>
      <footprint>Capacitor_SMD:C_0603_1608Metric</footprint>
      <datasheet>~</datasheet>
      <libsource lib="Device" part="C_Small" description="Unpolarized capacitor, small symbol"/>
      <sheetpath names="/" tstamps="/"/>
      <tstamp>5FD8D4C9</tstamp>
    </comp>
    <comp ref="Y1">
      <value>12MHz/12pF/10ppm</value>
      <footprint>Crystal:Crystal_SMD_2520-4Pin_2.5x2.0mm</footprint>
      <datasheet>~</datasheet>
      <libsource lib="Device" part="Crystal_GND24_Small" description="Four pin crystal, GND on pins 2 and 4, small symbol"/>
      <sheetpath names="/" tstamps="/"/>
      <tstamp>5FD8E8AB</tstamp>
    </comp>
    <comp ref="R5">
      <value>82K</value>
      <footprint>Resistor_SMD:R_0603_1608Metric</footprint>
      <datasheet>~</datasheet>
      <libsource lib="Device" part="R_Small" description="Resistor, small symbol"/>
      <sheetpath names="/" tstamps="/"/>
      <tstamp>5FD8FDA3</tstamp>
    </comp>
    <comp ref="MK1">
      <value>Microphone</value>
      <footprint>SamacSys_Parts:Condenser-Microphone-4012</footprint>
      <datasheet>~</datasheet>
      <libsource lib="Device" part="Microphone" description="Microphone"/>
      <sheetpath names="/" tstamps="/"/>
      <tstamp>5FDC2699</tstamp>
    </comp>
    <comp ref="R7">
      <value>220R</value>
      <footprint>Resistor_SMD:R_0603_1608Metric</footprint>
      <datasheet>~</datasheet>
      <libsource lib="Device" part="R_Small" description="Resistor, small symbol"/>
      <sheetpath names="/" tstamps="/"/>
      <tstamp>5FDCAA0E</tstamp>
    </comp>
    <comp ref="C20">
      <value>1uF</value>
      <footprint>Capacitor_SMD:C_0603_1608Metric</footprint>
      <datasheet>~</datasheet>
      <libsource lib="Device" part="C_Small" description="Unpolarized capacitor, small symbol"/>
      <sheetpath names="/" tstamps="/"/>
      <tstamp>5FDCB2E5</tstamp>
    </comp>
    <comp ref="C18">
      <value>100pF</value>
      <footprint>Capacitor_SMD:C_0603_1608Metric</footprint>
      <datasheet>~</datasheet>
      <libsource lib="Device" part="C_Small" description="Unpolarized capacitor, small symbol"/>
      <sheetpath names="/" tstamps="/"/>
      <tstamp>5FDCB732</tstamp>
    </comp>
    <comp ref="R8">
      <value>220R</value>
      <footprint>Resistor_SMD:R_0603_1608Metric</footprint>
      <datasheet>~</datasheet>
      <libsource lib="Device" part="R_Small" description="Resistor, small symbol"/>
      <sheetpath names="/" tstamps="/"/>
      <tstamp>5FDCBB13</tstamp>
    </comp>
    <comp ref="C11">
      <value>4.7uF</value>
      <footprint>Capacitor_SMD:C_0603_1608Metric</footprint>
      <datasheet>~</datasheet>
      <libsource lib="Device" part="C_Small" description="Unpolarized capacitor, small symbol"/>
      <sheetpath names="/" tstamps="/"/>
      <tstamp>5FDCBDFB</tstamp>
    </comp>
    <comp ref="R6">
      <value>2.2K</value>
      <footprint>Resistor_SMD:R_0603_1608Metric</footprint>
      <datasheet>~</datasheet>
      <libsource lib="Device" part="R_Small" description="Resistor, small symbol"/>
      <sheetpath names="/" tstamps="/"/>
      <tstamp>5FDCCC78</tstamp>
    </comp>
    <comp ref="SW1">
      <value>SW_SPDT</value>
      <footprint>SamacSys_Parts:MSKT-12C00-switch-smd</footprint>
      <datasheet>~</datasheet>
      <libsource lib="Switch" part="SW_SPDT" description="Switch, single pole double throw"/>
      <sheetpath names="/" tstamps="/"/>
      <tstamp>5FE964BB</tstamp>
    </comp>
    <comp ref="Q1">
      <value>SS8050</value>
      <footprint>Package_TO_SOT_SMD:SOT-23</footprint>
      <datasheet>~</datasheet>
      <libsource lib="Device" part="Q_NPN_BEC" description="NPN transistor, base/emitter/collector"/>
      <sheetpath names="/" tstamps="/"/>
      <tstamp>5FE05193</tstamp>
    </comp>
    <comp ref="C13">
      <value>0.1uF</value>
      <footprint>Capacitor_SMD:C_0603_1608Metric</footprint>
      <datasheet>~</datasheet>
      <libsource lib="Device" part="C_Small" description="Unpolarized capacitor, small symbol"/>
      <sheetpath names="/" tstamps="/"/>
      <tstamp>5FD4F980</tstamp>
    </comp>
  </components>
  <libparts>
    <libpart lib="Connector_Generic" part="Conn_01x02">
      <description>Generic connector, single row, 01x02, script generated (kicad-library-utils/schlib/autogen/connector/)</description>
      <docs>~</docs>
      <footprints>
        <fp>Connector*:*_1x??_*</fp>
      </footprints>
      <fields>
        <field name="Reference">J</field>
        <field name="Value">Conn_01x02</field>
      </fields>
      <pins>
        <pin num="1" name="Pin_1" type="passive"/>
        <pin num="2" name="Pin_2" type="passive"/>
      </pins>
    </libpart>
    <libpart lib="Connector_Generic" part="Conn_01x04">
      <description>Generic connector, single row, 01x04, script generated (kicad-library-utils/schlib/autogen/connector/)</description>
      <docs>~</docs>
      <footprints>
        <fp>Connector*:*_1x??_*</fp>
      </footprints>
      <fields>
        <field name="Reference">J</field>
        <field name="Value">Conn_01x04</field>
      </fields>
      <pins>
        <pin num="1" name="Pin_1" type="passive"/>
        <pin num="2" name="Pin_2" type="passive"/>
        <pin num="3" name="Pin_3" type="passive"/>
        <pin num="4" name="Pin_4" type="passive"/>
      </pins>
    </libpart>
    <libpart lib="Connector_Generic" part="Conn_01x05">
      <description>Generic connector, single row, 01x05, script generated (kicad-library-utils/schlib/autogen/connector/)</description>
      <docs>~</docs>
      <footprints>
        <fp>Connector*:*_1x??_*</fp>
      </footprints>
      <fields>
        <field name="Reference">J</field>
        <field name="Value">Conn_01x05</field>
      </fields>
      <pins>
        <pin num="1" name="Pin_1" type="passive"/>
        <pin num="2" name="Pin_2" type="passive"/>
        <pin num="3" name="Pin_3" type="passive"/>
        <pin num="4" name="Pin_4" type="passive"/>
        <pin num="5" name="Pin_5" type="passive"/>
      </pins>
    </libpart>
    <libpart lib="Connector_Generic" part="Conn_01x12">
      <description>Generic connector, single row, 01x12, script generated (kicad-library-utils/schlib/autogen/connector/)</description>
      <docs>~</docs>
      <footprints>
        <fp>Connector*:*_1x??_*</fp>
      </footprints>
      <fields>
        <field name="Reference">J</field>
        <field name="Value">Conn_01x12</field>
      </fields>
      <pins>
        <pin num="1" name="Pin_1" type="passive"/>
        <pin num="2" name="Pin_2" type="passive"/>
        <pin num="3" name="Pin_3" type="passive"/>
        <pin num="4" name="Pin_4" type="passive"/>
        <pin num="5" name="Pin_5" type="passive"/>
        <pin num="6" name="Pin_6" type="passive"/>
        <pin num="7" name="Pin_7" type="passive"/>
        <pin num="8" name="Pin_8" type="passive"/>
        <pin num="9" name="Pin_9" type="passive"/>
        <pin num="10" name="Pin_10" type="passive"/>
        <pin num="11" name="Pin_11" type="passive"/>
        <pin num="12" name="Pin_12" type="passive"/>
      </pins>
    </libpart>
    <libpart lib="Device" part="C_Small">
      <description>Unpolarized capacitor, small symbol</description>
      <docs>~</docs>
      <footprints>
        <fp>C_*</fp>
      </footprints>
      <fields>
        <field name="Reference">C</field>
        <field name="Value">C_Small</field>
      </fields>
      <pins>
        <pin num="1" name="~" type="passive"/>
        <pin num="2" name="~" type="passive"/>
      </pins>
    </libpart>
    <libpart lib="Device" part="Crystal_GND24_Small">
      <description>Four pin crystal, GND on pins 2 and 4, small symbol</description>
      <docs>~</docs>
      <footprints>
        <fp>Crystal*</fp>
      </footprints>
      <fields>
        <field name="Reference">Y</field>
        <field name="Value">Crystal_GND24_Small</field>
      </fields>
      <pins>
        <pin num="1" name="1" type="passive"/>
        <pin num="2" name="2" type="passive"/>
        <pin num="3" name="3" type="passive"/>
        <pin num="4" name="4" type="passive"/>
      </pins>
    </libpart>
    <libpart lib="Device" part="Microphone">
      <description>Microphone</description>
      <docs>~</docs>
      <fields>
        <field name="Reference">MK</field>
        <field name="Value">Microphone</field>
      </fields>
      <pins>
        <pin num="1" name="-" type="passive"/>
        <pin num="2" name="+" type="passive"/>
      </pins>
    </libpart>
    <libpart lib="Device" part="Q_NPN_BEC">
      <description>NPN transistor, base/emitter/collector</description>
      <docs>~</docs>
      <fields>
        <field name="Reference">Q</field>
        <field name="Value">Q_NPN_BEC</field>
      </fields>
      <pins>
        <pin num="1" name="B" type="input"/>
        <pin num="2" name="E" type="passive"/>
        <pin num="3" name="C" type="passive"/>
      </pins>
    </libpart>
    <libpart lib="Device" part="R_Small">
      <description>Resistor, small symbol</description>
      <docs>~</docs>
      <footprints>
        <fp>R_*</fp>
      </footprints>
      <fields>
        <field name="Reference">R</field>
        <field name="Value">R_Small</field>
      </fields>
      <pins>
        <pin num="1" name="~" type="passive"/>
        <pin num="2" name="~" type="passive"/>
      </pins>
    </libpart>
    <libpart lib="MCU_ST_STM32F4" part="STM32F401CBUx">
      <aliases>
        <alias>STM32F401CCUx</alias>
      </aliases>
      <description>ARM Cortex-M4 MCU, 128KB flash, 64KB RAM, 84MHz, 1.7-3.6V, 36 GPIO, UFQFPN-48</description>
      <docs>http://www.st.com/st-web-ui/static/active/en/resource/technical/document/datasheet/DM00086815.pdf</docs>
      <footprints>
        <fp>QFN*1EP*7x7mm*P0.5mm*</fp>
      </footprints>
      <fields>
        <field name="Reference">U</field>
        <field name="Value">STM32F401CBUx</field>
        <field name="Footprint">Package_DFN_QFN:QFN-48-1EP_7x7mm_P0.5mm_EP5.6x5.6mm</field>
      </fields>
      <pins>
        <pin num="1" name="VBAT" type="power_in"/>
        <pin num="2" name="PC13" type="BiDi"/>
        <pin num="3" name="PC14" type="BiDi"/>
        <pin num="4" name="PC15" type="BiDi"/>
        <pin num="5" name="PH0" type="input"/>
        <pin num="6" name="PH1" type="input"/>
        <pin num="7" name="NRST" type="input"/>
        <pin num="8" name="VSSA" type="power_in"/>
        <pin num="9" name="VREF+" type="power_in"/>
        <pin num="10" name="PA0" type="BiDi"/>
        <pin num="11" name="PA1" type="BiDi"/>
        <pin num="12" name="PA2" type="BiDi"/>
        <pin num="13" name="PA3" type="BiDi"/>
        <pin num="14" name="PA4" type="BiDi"/>
        <pin num="15" name="PA5" type="BiDi"/>
        <pin num="16" name="PA6" type="BiDi"/>
        <pin num="17" name="PA7" type="BiDi"/>
        <pin num="18" name="PB0" type="BiDi"/>
        <pin num="19" name="PB1" type="BiDi"/>
        <pin num="20" name="PB2" type="BiDi"/>
        <pin num="21" name="PB10" type="BiDi"/>
        <pin num="22" name="VCAP1" type="power_in"/>
        <pin num="23" name="VSS" type="power_in"/>
        <pin num="24" name="VDD" type="power_in"/>
        <pin num="25" name="PB12" type="BiDi"/>
        <pin num="26" name="PB13" type="BiDi"/>
        <pin num="27" name="PB14" type="BiDi"/>
        <pin num="28" name="PB15" type="BiDi"/>
        <pin num="29" name="PA8" type="BiDi"/>
        <pin num="30" name="PA9" type="BiDi"/>
        <pin num="31" name="PA10" type="BiDi"/>
        <pin num="32" name="PA11" type="BiDi"/>
        <pin num="33" name="PA12" type="BiDi"/>
        <pin num="34" name="PA13" type="BiDi"/>
        <pin num="35" name="VSS" type="power_in"/>
        <pin num="36" name="VDD" type="power_in"/>
        <pin num="37" name="PA14" type="BiDi"/>
        <pin num="38" name="PA15" type="BiDi"/>
        <pin num="39" name="PB3" type="BiDi"/>
        <pin num="40" name="PB4" type="BiDi"/>
        <pin num="41" name="PB5" type="BiDi"/>
        <pin num="42" name="PB6" type="BiDi"/>
        <pin num="43" name="PB7" type="BiDi"/>
        <pin num="44" name="BOOT0" type="input"/>
        <pin num="45" name="PB8" type="BiDi"/>
        <pin num="46" name="PB9" type="BiDi"/>
        <pin num="47" name="VSS" type="power_in"/>
        <pin num="48" name="VDD" type="power_in"/>
        <pin num="49" name="VSS" type="power_in"/>
      </pins>
    </libpart>
    <libpart lib="Regulator_Linear" part="LM1117-1.8">
      <aliases>
        <alias>LM1117-2.5</alias>
        <alias>LM1117-3.3</alias>
        <alias>LM1117-5.0</alias>
        <alias>TLV1117-15</alias>
        <alias>TLV1117-18</alias>
        <alias>TLV1117-25</alias>
        <alias>TLV1117-33</alias>
        <alias>TLV1117-50</alias>
      </aliases>
      <description>800mA Low-Dropout Linear Regulator, 1.8V fixed output, TO-220/TO-252/TO-263/SOT-223</description>
      <docs>http://www.ti.com/lit/ds/symlink/lm1117.pdf</docs>
      <footprints>
        <fp>SOT?223*</fp>
        <fp>TO?263*</fp>
        <fp>TO?252*</fp>
        <fp>TO?220*</fp>
      </footprints>
      <fields>
        <field name="Reference">U</field>
        <field name="Value">LM1117-1.8</field>
      </fields>
      <pins>
        <pin num="1" name="GND" type="power_in"/>
        <pin num="2" name="VO" type="power_out"/>
        <pin num="3" name="VI" type="power_in"/>
      </pins>
    </libpart>
    <libpart lib="SamacSys_Parts" part="SNR8015VR">
      <fields>
        <field name="Reference">U</field>
        <field name="Value">SNR8015VR</field>
        <field name="Footprint">Package_SO:QSOP-24_3.9x8.7mm_P0.635mm</field>
      </fields>
      <pins>
        <pin num="1" name="TICP" type="input"/>
        <pin num="2" name="RICP" type="BiDi"/>
        <pin num="3" name="IO1" type="BiDi"/>
        <pin num="4" name="IO2" type="BiDi"/>
        <pin num="5" name="IO3" type="BiDi"/>
        <pin num="6" name="MUTE" type="BiDi"/>
        <pin num="7" name="RX" type="BiDi"/>
        <pin num="8" name="TX" type="BiDi"/>
        <pin num="9" name="NC" type="NotConnected"/>
        <pin num="10" name="DAC" type="BiDi"/>
        <pin num="11" name="AVSS" type="passive"/>
        <pin num="12" name="VAUD" type="passive"/>
        <pin num="13" name="NC" type="NotConnected"/>
        <pin num="14" name="NC" type="NotConnected"/>
        <pin num="15" name="ADC" type="BiDi"/>
        <pin num="16" name="VMIC" type="BiDi"/>
        <pin num="17" name="VDD" type="passive"/>
        <pin num="18" name="V_330" type="BiDi"/>
        <pin num="19" name="V_120" type="BiDi"/>
        <pin num="20" name="VSS" type="passive"/>
        <pin num="21" name="IO5" type="BiDi"/>
        <pin num="22" name="IO4" type="BiDi"/>
        <pin num="23" name="OSC_IN" type="BiDi"/>
        <pin num="24" name="OSC_XO" type="BiDi"/>
      </pins>
    </libpart>
    <libpart lib="Switch" part="SW_SPDT">
      <description>Switch, single pole double throw</description>
      <docs>~</docs>
      <fields>
        <field name="Reference">SW</field>
        <field name="Value">SW_SPDT</field>
      </fields>
      <pins>
        <pin num="1" name="A" type="passive"/>
        <pin num="2" name="B" type="passive"/>
        <pin num="3" name="C" type="passive"/>
      </pins>
    </libpart>
  </libparts>
  <libraries>
    <library logical="Connector_Generic">
      <uri>D:\Program Files\KiCad\share\kicad\library/Connector_Generic.lib</uri>
    </library>
    <library logical="Device">
      <uri>D:\Program Files\KiCad\share\kicad\library/Device.lib</uri>
    </library>
    <library logical="MCU_ST_STM32F4">
      <uri>D:\Program Files\KiCad\share\kicad\library/MCU_ST_STM32F4.lib</uri>
    </library>
    <library logical="Regulator_Linear">
      <uri>D:\Program Files\KiCad\share\kicad\library/Regulator_Linear.lib</uri>
    </library>
    <library logical="SamacSys_Parts">
      <uri>E:/00_Softdoc/KiCad/KICAD/library/SamacSys_Parts.lib</uri>
    </library>
    <library logical="Switch">
      <uri>D:\Program Files\KiCad\share\kicad\library/Switch.lib</uri>
    </library>
  </libraries>
  <nets>
    <net code="1" name="Net-(C22-Pad1)">
      <node ref="C23" pin="1"/>
      <node ref="C22" pin="1"/>
      <node ref="U3" pin="19"/>
    </net>
    <net code="2" name="Net-(C19-Pad1)">
      <node ref="C19" pin="1"/>
      <node ref="C21" pin="1"/>
      <node ref="U3" pin="18"/>
    </net>
    <net code="3" name="/VMIC">
      <node ref="C12" pin="1"/>
      <node ref="C13" pin="1"/>
      <node ref="R7" pin="2"/>
      <node ref="U3" pin="16"/>
    </net>
    <net code="4" name="Net-(U3-Pad22)">
      <node ref="U3" pin="22"/>
    </net>
    <net code="5" name="Net-(U3-Pad21)">
      <node ref="U3" pin="21"/>
    </net>
    <net code="6" name="Earth">
      <node ref="C5" pin="2"/>
      <node ref="MK1" pin="1"/>
      <node ref="C18" pin="1"/>
      <node ref="J1" pin="8"/>
      <node ref="J1" pin="6"/>
      <node ref="J1" pin="5"/>
      <node ref="J1" pin="12"/>
      <node ref="J1" pin="1"/>
      <node ref="C13" pin="2"/>
      <node ref="Q1" pin="2"/>
      <node ref="C11" pin="2"/>
      <node ref="C6" pin="2"/>
      <node ref="Y1" pin="4"/>
      <node ref="C8" pin="2"/>
      <node ref="J2" pin="1"/>
      <node ref="J4" pin="1"/>
      <node ref="U2" pin="1"/>
      <node ref="J3" pin="4"/>
      <node ref="C23" pin="2"/>
      <node ref="R1" pin="2"/>
      <node ref="C7" pin="2"/>
      <node ref="C1" pin="1"/>
      <node ref="C4" pin="2"/>
      <node ref="C3" pin="2"/>
      <node ref="C2" pin="2"/>
      <node ref="U3" pin="11"/>
      <node ref="Y1" pin="2"/>
      <node ref="U3" pin="20"/>
      <node ref="C19" pin="2"/>
      <node ref="U1" pin="8"/>
      <node ref="U1" pin="49"/>
      <node ref="U1" pin="47"/>
      <node ref="U1" pin="35"/>
      <node ref="U1" pin="23"/>
      <node ref="C9" pin="2"/>
      <node ref="C10" pin="2"/>
      <node ref="C17" pin="2"/>
      <node ref="C14" pin="2"/>
      <node ref="C15" pin="1"/>
      <node ref="C12" pin="2"/>
      <node ref="C16" pin="1"/>
      <node ref="C21" pin="2"/>
      <node ref="C22" pin="2"/>
    </net>
    <net code="7" name="Net-(C10-Pad1)">
      <node ref="C10" pin="1"/>
      <node ref="U3" pin="12"/>
      <node ref="C9" pin="1"/>
    </net>
    <net code="8" name="Net-(U3-Pad6)">
      <node ref="U3" pin="6"/>
    </net>
    <net code="9" name="Net-(U3-Pad5)">
      <node ref="U3" pin="5"/>
    </net>
    <net code="10" name="Net-(U3-Pad4)">
      <node ref="U3" pin="4"/>
    </net>
    <net code="11" name="Net-(U3-Pad3)">
      <node ref="U3" pin="3"/>
    </net>
    <net code="12" name="Net-(U3-Pad2)">
      <node ref="U3" pin="2"/>
    </net>
    <net code="13" name="/MIC_IN">
      <node ref="C20" pin="1"/>
      <node ref="U3" pin="15"/>
    </net>
    <net code="14" name="Net-(U3-Pad14)">
      <node ref="U3" pin="14"/>
    </net>
    <net code="15" name="Net-(U3-Pad13)">
      <node ref="U3" pin="13"/>
    </net>
    <net code="16" name="Net-(U3-Pad10)">
      <node ref="U3" pin="10"/>
    </net>
    <net code="17" name="Net-(U3-Pad1)">
      <node ref="U3" pin="1"/>
    </net>
    <net code="18" name="/TX">
      <node ref="U3" pin="7"/>
      <node ref="U1" pin="30"/>
    </net>
    <net code="19" name="/RX">
      <node ref="U1" pin="31"/>
      <node ref="U3" pin="8"/>
    </net>
    <net code="20" name="Net-(U3-Pad9)">
      <node ref="U3" pin="9"/>
    </net>
    <net code="21" name="+5V">
      <node ref="J4" pin="2"/>
      <node ref="C6" pin="1"/>
      <node ref="U2" pin="3"/>
      <node ref="SW1" pin="1"/>
    </net>
    <net code="22" name="Net-(SW1-Pad3)">
      <node ref="SW1" pin="3"/>
    </net>
    <net code="23" name="Net-(J2-Pad2)">
      <node ref="J2" pin="2"/>
      <node ref="SW1" pin="2"/>
    </net>
    <net code="24" name="/LED_B">
      <node ref="U1" pin="28"/>
      <node ref="J4" pin="5"/>
    </net>
    <net code="25" name="/LED_R">
      <node ref="J4" pin="4"/>
      <node ref="U1" pin="27"/>
    </net>
    <net code="26" name="/LED_G">
      <node ref="J4" pin="3"/>
      <node ref="U1" pin="26"/>
    </net>
    <net code="27" name="Net-(Q1-Pad1)">
      <node ref="Q1" pin="1"/>
      <node ref="R3" pin="2"/>
      <node ref="R2" pin="1"/>
    </net>
    <net code="28" name="Net-(C18-Pad2)">
      <node ref="R8" pin="2"/>
      <node ref="C20" pin="2"/>
      <node ref="C18" pin="2"/>
    </net>
    <net code="29" name="Net-(C15-Pad2)">
      <node ref="R5" pin="2"/>
      <node ref="Y1" pin="3"/>
      <node ref="U3" pin="24"/>
      <node ref="C15" pin="2"/>
    </net>
    <net code="30" name="Net-(Q1-Pad3)">
      <node ref="R4" pin="2"/>
      <node ref="Q1" pin="3"/>
    </net>
    <net code="31" name="Net-(C16-Pad2)">
      <node ref="C16" pin="2"/>
      <node ref="R5" pin="1"/>
      <node ref="U3" pin="23"/>
      <node ref="Y1" pin="1"/>
    </net>
    <net code="32" name="Net-(C11-Pad1)">
      <node ref="R6" pin="1"/>
      <node ref="C11" pin="1"/>
      <node ref="R7" pin="1"/>
    </net>
    <net code="33" name="Net-(MK1-Pad2)">
      <node ref="R6" pin="2"/>
      <node ref="MK1" pin="2"/>
      <node ref="R8" pin="1"/>
    </net>
    <net code="34" name="Net-(U1-Pad41)">
      <node ref="U1" pin="41"/>
    </net>
    <net code="35" name="Net-(U1-Pad38)">
      <node ref="U1" pin="38"/>
    </net>
    <net code="36" name="Net-(U1-Pad33)">
      <node ref="U1" pin="33"/>
    </net>
    <net code="37" name="Net-(U1-Pad32)">
      <node ref="U1" pin="32"/>
    </net>
    <net code="38" name="Net-(U1-Pad29)">
      <node ref="U1" pin="29"/>
    </net>
    <net code="39" name="Net-(U1-Pad25)">
      <node ref="U1" pin="25"/>
    </net>
    <net code="40" name="Net-(U1-Pad21)">
      <node ref="U1" pin="21"/>
    </net>
    <net code="41" name="Net-(U1-Pad46)">
      <node ref="U1" pin="46"/>
    </net>
    <net code="42" name="Net-(U1-Pad45)">
      <node ref="U1" pin="45"/>
    </net>
    <net code="43" name="Net-(U1-Pad43)">
      <node ref="U1" pin="43"/>
    </net>
    <net code="44" name="Net-(U1-Pad39)">
      <node ref="U1" pin="39"/>
    </net>
    <net code="45" name="Net-(U1-Pad40)">
      <node ref="U1" pin="40"/>
    </net>
    <net code="46" name="Net-(U1-Pad10)">
      <node ref="U1" pin="10"/>
    </net>
    <net code="47" name="Net-(U1-Pad42)">
      <node ref="U1" pin="42"/>
    </net>
    <net code="48" name="Net-(U1-Pad20)">
      <node ref="U1" pin="20"/>
    </net>
    <net code="49" name="Net-(U1-Pad19)">
      <node ref="U1" pin="19"/>
    </net>
    <net code="50" name="Net-(U1-Pad4)">
      <node ref="U1" pin="4"/>
    </net>
    <net code="51" name="Net-(U1-Pad3)">
      <node ref="U1" pin="3"/>
    </net>
    <net code="52" name="Net-(U1-Pad2)">
      <node ref="U1" pin="2"/>
    </net>
    <net code="53" name="Net-(U1-Pad6)">
      <node ref="U1" pin="6"/>
    </net>
    <net code="54" name="Net-(U1-Pad5)">
      <node ref="U1" pin="5"/>
    </net>
    <net code="55" name="/SCL">
      <node ref="U1" pin="15"/>
      <node ref="J1" pin="9"/>
    </net>
    <net code="56" name="/DC">
      <node ref="U1" pin="14"/>
      <node ref="J1" pin="7"/>
    </net>
    <net code="57" name="/RES">
      <node ref="J1" pin="11"/>
      <node ref="U1" pin="18"/>
    </net>
    <net code="58" name="/SDA">
      <node ref="J1" pin="10"/>
      <node ref="U1" pin="17"/>
    </net>
    <net code="59" name="/LEDK">
      <node ref="R4" pin="1"/>
      <node ref="J1" pin="2"/>
    </net>
    <net code="60" name="Net-(U1-Pad16)">
      <node ref="U1" pin="16"/>
    </net>
    <net code="61" name="Net-(R1-Pad1)">
      <node ref="R1" pin="1"/>
      <node ref="U1" pin="44"/>
    </net>
    <net code="62" name="Net-(C1-Pad2)">
      <node ref="C1" pin="2"/>
      <node ref="U1" pin="22"/>
    </net>
    <net code="63" name="Net-(U1-Pad7)">
      <node ref="U1" pin="7"/>
    </net>
    <net code="64" name="/BLK">
      <node ref="R2" pin="2"/>
      <node ref="U1" pin="13"/>
    </net>
    <net code="65" name="Net-(U1-Pad12)">
      <node ref="U1" pin="12"/>
    </net>
    <net code="66" name="/SWCLK">
      <node ref="U1" pin="37"/>
      <node ref="J3" pin="2"/>
    </net>
    <net code="67" name="/SWDIO">
      <node ref="J3" pin="3"/>
      <node ref="U1" pin="34"/>
    </net>
    <net code="68" name="Net-(U1-Pad11)">
      <node ref="U1" pin="11"/>
    </net>
    <net code="69" name="+3V3">
      <node ref="U2" pin="2"/>
      <node ref="U3" pin="17"/>
      <node ref="C4" pin="1"/>
      <node ref="C7" pin="1"/>
      <node ref="C17" pin="1"/>
      <node ref="R3" pin="1"/>
      <node ref="C14" pin="1"/>
      <node ref="U1" pin="9"/>
      <node ref="J3" pin="1"/>
      <node ref="U1" pin="24"/>
      <node ref="J1" pin="3"/>
      <node ref="U1" pin="48"/>
      <node ref="C5" pin="1"/>
      <node ref="U1" pin="36"/>
      <node ref="U1" pin="1"/>
      <node ref="C3" pin="1"/>
      <node ref="C2" pin="1"/>
      <node ref="J1" pin="4"/>
      <node ref="C8" pin="1"/>
    </net>
  </nets>
</export>
