<?xml version="1.0" encoding="UTF-8"?>
<!DOCTYPE targetDefinitions [ 
	<!ELEMENT targetDefinitions (board)>
	<!ELEMENT board (name, dbgIF+, dbgDEV, mcuId)>
	<!ELEMENT name (#PCDATA)>
	<!ELEMENT dbgIF (#PCDATA)>
	<!ELEMENT dbgDEV (#PCDATA)>
	<!ELEMENT mcuId (#PCDATA)>
	<!ATTLIST board id CDATA #REQUIRED>
]>

<targetDefinitions>
  <board id="stm32f429i-disco">
    <name>STM32F429I-DISCO</name>
    <dbgIF>SWD</dbgIF>
    <dbgIF>JTAG</dbgIF>
    <dbgDEV>ST-Link</dbgDEV>
    <mcuId>stm32f429zitx</mcuId>
  </board>
</targetDefinitions>
